Adam	Zoltowski	adamzoltowski	zoltowskia@gmail.com	yellow	
name	surname	username	email	yellow	
Adriana	Morales	adrianaamorales	adriana.a.morales@live.com	yellow	
Adam	Archer	agarcher	agarcher@gmail.com	yellow	
Alex	Pomirkovanyi	opomir	opomir@softserveinc.com	yellow	
Ami	Dewar	amidewar	amidewar@gmail.com	yellow	
Amdee	Vongthongsri	dujruedee	dujruedee@yahoo.com	yellow	
Anantasak	Tippayachai	anantasak	anantasak@gmail.com	yellow	
Albert	Nichols	albertcnichols1	albertcnichols@gmail.com	yellow	
Andrea	Lee	andrea47	andrea@cloudant.com	yellow	
Adam	Lankford	atlankford	atlankford@gmail.com	yellow	
Andrii	Iakymiv	andriiiakymiv	aiakym@softserveinc.com	yellow	
Annahita	Varahrami	annahitav	annahitav@gmail.com	yellow	
annef		annef1	annef@mindspring.com	yellow	
Andrea	Mustain	amustain	amustain@vsapartners.com	yellow	
Arun	Sharma	aruns786	aruns2050@gmail.com	yellow	
beau	ulrey	beauulreydesign	beauulreydesign@gmail.com	yellow	
Ben	Cox	bencoxuk	ben.cox.uk@gmail.com	yellow	
Ben	Healy	benhealy	bhealy@vsapartners.com	yellow	
Ben	Moser	benjaminmoser	benjamin.moser@childrens.harvard.edu	yellow	
Blake	Helman	bhelman	bhelman1@gmail.com	yellow	
Brett Christina	Thomas	bthomas102	b.thomas@drurydesign.com	yellow	
c	pampino	cpampino	cpampino@gmail.com	yellow	
Bridget	Koryak	bridgetkoryak	bridget.koryak@childrens.harvard.edu	yellow	
Chip	Toll	chiptoll	chip.toll.ibm@gmail.com	yellow	
Daniel	Branton	dannybranton	dannybranton@gmail.com	yellow	
David	Bennett	bennettdbennettdavid	bennett.dbennett.david@gmail.com	yellow	
David	Mika	davidmika	david.mika@mikamgmt.com	yellow	
derek	smith	dereksmith2	dereks16@gmail.com	yellow	
Ed	Silky	aesilky	aesilky@gmail.com	yellow	
Elena	Qu	shawria	fengbi@live.cn	yellow	
Emanuel	Rudy	erudy1	e.rudy@drurydesign.com	yellow	
eunicesunmie		eunicesunmie	eunicesunmie@gmail.com	yellow	
Fabio	Benedetti	fabiobenedetti	ffbenedetti@gmail.com	yellow	
Fernando	Giglio	fernandogiglio	fcgiglio@gmail.com	yellow	
Flavia	Cabral	flaviacabral	flaviakawazoe@gmail.com	yellow	
Frank	van Ham	frankvanham	frankvanham@gmail.com	yellow	
Graham	Gibson	gcgibsonibm	gcgibson.ibm@gmail.com	yellow	
Grainne	Kelly	grainnerkelly	grainne.r.kelly@gmail.com	yellow	
Guy	Huinen	guyhuinen	guyhuinen@gmail.com	yellow	
han0214		han0214	hansy0214@gmail.com	yellow	
Hayley	Hughes	hayleyhughes	hayley.c.hughes@gmail.com	yellow	
Ian	Watts	ianwatts	iwatts@vsapartners.com	yellow	
Igor	Repela	igorrepela	irepela@softserveinc.com	yellow	
Janet	Mockler	jmockler	janetmockler71@gmail.com	yellow	
Jason	Smith	jason32	jason@cloudant.com	yellow	
Jay	Gillibrand	jaygillibrand	jay.gillibrand@gmail.com	yellow	
Jeoff	Wilks	jeoffwilks	jeoffwilks@gmail.com	yellow	
Jenny	Julius	jjulius1	jjulius@vsapartners.com	yellow	
jim	coleman	jcoleman1	j.coleman@drurydesign.com	yellow	
Jim	fletcher	jimfletcher	fletchjhome@gmail.com	yellow	
Joe	Gerber	jgerber	jgerber@ideo.com	yellow	
John	Gerken	johngerken	johnkgerken@gmail.com	yellow	
John	Park	jjjpark	jjj.park@gmail.com	yellow	
john	vasquez	johnvasquez1	jvasq2@yahoo.com	yellow	
john 	vasquez	johnvasquez2	jvasquez496@charter.net	yellow	
Justin	Carter	justincarter1	roninnanaki@me.com	yellow	
Kate	Valind	katevalind	kate.valind@gmail.com	yellow	
Katherine	Langdon	katherinelangdon	k_boyachok@hotmail.com	yellow	
kellynca249		kellynca249	kellynca249@gmail.com	yellow	
Kenny	Schipper	kennyschipper	kschipper@vsapartners.com	yellow	
Lauren	Bergstrand	laurenbergstrand	lbergstrand@vsapartners.com	yellow	
Lena	Petsenchuk	opetsen	opetsen@softserveinc.com	yellow	
Liz	Dykes	lizdykes	lizbethrose@gmail.com	yellow	
Lise	Noble	lisewnoble	lise.w.noble@gmail.com	yellow	
Liya	James	liyajames	liya.james@idean.com	yellow	
Lucinio	Santos	luciniosantos	lucsantosg@gmail.com	yellow	
Luis	Gutierrez	luisgutierrez6	luis.gutierrez@idean.com	yellow	
M.G.	Smith	marcgsmith	marcgsmith@yahoo.com	yellow	
Manish	Tandon	manisht	manisht@yahoo.com	yellow	
Marcus	Triest	marcus15	marcus@resocked.com	yellow	
Mariano	Suarez Battan	batmelon	mariano@mural.ly	yellow	
Matthew	Nesbitt	matthewnesbitt1	nesbittarchitect@gmail.com	yellow	
Michael	Senkow	mhsenkow	mhsenkow@gmail.com	yellow	
Michael 	Stokes	michaelstokes	mstokes5@nc.rr.com	yellow	
Nick	Knacks	kachadastuff	kachadastuff@gmail.com	yellow	
noh	jose	nohjose	noh.spam.jose@gmail.com	yellow	
Oleksandr	Pomirkovany	alpomirkovany	al.pomirkovany@gmail.com	yellow	
Padraig	McCarthy	mccarthypadraig	mccarthy.padraig@gmail.com	yellow	
Paola	Orr�	orpaola	or.paola@gmail.com	yellow	
Pato	Jutard	patojutard	pjutard@mural.ly	yellow	
philwestcott		philwestcott	philwestcott1979@gmail.com	yellow	
Phong	Tran	phongtran	phonghtran@gmail.com	yellow	
Randy	Gregory II	randygregoryii	kingpuuchuu@gmail.com	yellow	
raphaelbouchard		raphaelbouchard	bouchard163@gmail.com	yellow	
Rachel	San	rachelsan	rachelsan10@gmail.com	yellow	
Rene	Rodriguez	renerodriguez1	amplow@gmail.com	yellow	
Rodrigo	Fernandes	rodrigofernandes1	bragarodrigo@hotmail.com	yellow	
Rostyslav	Belmeha	rbelmeg	rbelmeg@softserveinc.com	yellow	
Ruth	Kaufman	ruthkaufman	ruth.kaufman@gmail.com	yellow	
Ryan	Baker	hiryanbaker	hiryanbaker@gmail.com	yellow	
Sandra	Kogan	sandrakogan	sandra.kogan@gmail.com	yellow	
Sarah	O'Brien	sarahobrien	sarah.obrien@childrens.harvard.edu	yellow	
seth	friedman	sfriedman	s.friedman@drurydesign.com	yellow	
Shannon	Rouiller	shannonrouiller	shannon_rouiller@yahoo.com	yellow	
Sharon	Levy	sharonisadoralevy	sharonisadora.levy@gmail.com	yellow	
Sean	Pizel	spizel	spizel1@yahoo.com	yellow	
Soma	Ray	somaray1	somaray@umich.edu	yellow	
Stephane	Mery	stephanemery	stephane.mery@gmail.com	yellow	
Steve	Carson	stephencarson	stephen.carson@childrens.harvard.edu	yellow	
Sydney	Markle	sydmarkle	sydney.markle@gmail.com	yellow	
Taras	Kostiuk	taraskostiuk	tkostiuk@softserveinc.com	yellow	
Taras	Sereda	tser1	tser@softserveinc.com	yellow	
Timur	Ridjanovic	timurridjanovic	tridjanovic@vsapartners.com	yellow	
Tom	Roach	tomroach	tom.l.roach@gmail.com	yellow	
Traci	Wolbrink	traciwolbrink	traci.wolbrink@childrens.harvard.edu	yellow	
Tom	Thompson	t52s	t52s@aol.com	yellow	
Vinicius	Rocha	viniciuspeixotorocha	viniciuspeixotorocha@gmail.com	yellow	
Volodymyr	Grynchyshyn	volodymyrgrynchyshyn	vgryn@softserveinc.com	yellow	
Wing	Leung	wingleung	wingling@gmail.com	yellow	
